428313162,qgxwm
146504877,msgfaj
82552219,wdzbwq
868988032,chkvv
775081630,wuarp
532537524,husmts
951882165,fdeok
572235281,jgihh
441044685,ubthfr
848785314,vkpnk
510155042,aiuls
545650643,nwxbex
279065099,lmxde
840469359,gnkyk
730088402,ooewjn
148878952,wmkpsb
997066673,sgnfka
288202345,htoyze
813408136,liopz
804205706,oyjvd
745426724,ytkud
859027151,xmude
25059602,yirwbk
803218729,tcemvt
37091736,pyhqp
799932088,vlosd
803364681,tvnlh
371594147,qeuemy
378721745,saavzt
381953239,uaapel
562394170,bvzdya
317600744,bvintz
287013398,xpnzs
419672329,jbtsj
226647992,dxvcr
614184592,nuflx
463002062,qfigrp
932455055,uzrrl
144147052,xuapn
883363614,dysohh
712009832,xduoc
682511012,ydwou
251187828,nhedi
722028558,mzqqw
493740569,sovwc
963887921,vnuzle
281985911,fsgzj
766523203,yuqdyn
923208177,fdggx
412684771,yuxlll
461869535,jpxcyp
109598435,rjpzvh
72927412,vdutke
686921102,wuhfl
276124412,oruap
703127503,vtypg
453779145,burwdd
179647038,tslnr
564868936,guage
391584076,eadokg
682940892,bnvkid
181826245,fhziqj
397929205,enikxd
988001342,qudlxs
838453114,fnifh
208448420,soake
480738268,tuirdt
85382971,gutzc
562832446,nhbjet
164843744,hjbiz
510240525,zlwoj
556674786,guukd
392213795,nfjofo
815313209,mehkmt
94445300,wnrbmn
533571829,erxker
175459507,nofmm
391142136,iqcsu
176571302,emzlnn
213564045,mqcvad
67424961,axwmv
141826039,ozrleb
705244661,lwbdbj
686889405,tdfbgo
946031509,vqnkk
362625308,nylet
99509867,wpirz
715416371,bpwbff
465333620,tplnr
432907090,zdopsn
419152626,ohldrn
478800565,qjnmbz
737273064,axsjt
156875248,swzwk
484793979,whqysv
161411029,bidlc
404361886,dnunjb
595601105,lplkmv
198118875,znlsjl
286786695,ngrvr
542400238,xlzbgn
274221884,wfmtmt
309500446,oylxc
601937091,ykldih
505223935,pksqrc
653635817,avkgoz
612322912,bfqla
729105918,fbigbi
717438471,nwjmsq
658201923,ztnyz
810665244,vspao
14088186,hqjxod
994381151,gsmblx
75697914,fwwyw
752229560,ogmys
641200735,oznhu
12627193,rdxryo
525030579,jzetox
165106496,rmxbw
265217038,zmpyw
372659411,gvpxe
237165202,xjavpt
422274409,couhca
488482581,njjhtp
608773105,kjhuaa
923464066,hosygy
527136531,nmgczf
293949968,uwfslr
552290225,rawlm
810600225,jchylh
771803629,iymre
415940891,mcrvl
631391803,fxslh
635935307,kfbbk
190340151,vpneve
8667762,bjzsxd
368943638,jfkypy
705205826,fldbj
487120803,qvlpqi
919603368,fmrpgi
805113560,nxmvdd
885428855,ivrifb
184168021,pcgdpr
266854528,upjbcy
758657783,vuqysf
591281162,xcjwnc
367112300,markdo
367738041,qstcbl
45062005,gelkju
352485280,rordmz
729126482,vukoqb
70310640,buszqk
436136195,rmnxw
736503505,dsell
777379588,xkahkb
281938432,qelyl
887640480,ygbhe
803739279,wzgcem
220381055,vgwke
608674755,kqflv
957324051,yzbdpt
267966268,phehcy
137757005,ecwpj
547993700,eymfd
708533416,tlxyyt
38167909,lpxxfo
567217714,wzzaj
488570782,owhkc
321830219,qguiok
692894174,orbnm
233375389,rdydqb
741268431,bxnac
399147197,fexan
361146218,fqtmf
592167213,qsjop
513582614,rlxpm
769953263,qjzrd
457935318,ucpybe
810245459,jawzv
9167421,brxxt
607647314,hdmii
254529600,jxsnbk
961540520,yhhuh
811570031,mkofs
289221613,edkbcg
527049580,armvok
347055072,rdtckl
728370863,oubzk
867128476,fezjs
828841252,xqvshd
467240887,lnufmd
257013067,dnnoww
260282413,aezzk
254364851,uwgnj
728332088,haqdb
617148911,rphwpl
916556150,dwflvv
89109049,rkgyfm
656035035,ltyoj
972913195,oqzgp
681364719,eeiasf
582890341,yzulw
299712697,ixmjas
86876166,bgoyqi
426206662,wtzlc
673765425,zwokgv
147219165,sanwd
591975627,roysr
396446496,brlyp
710138875,urwdoq
865941336,azzlcw
886398134,plnzsq
748636541,ljvwf
959206980,msifi
386382193,kxfwyz
259977016,zrqxjw
588713529,ljdzh
898238212,ebgkr
580466169,cbvre
211711463,gvsqmo
339370286,zacklg
613700263,hfrwdc
800597691,wcdvuo
29236742,wrmim
222606967,zgomih
549302696,xtqzih
41806610,nbjcgs
198582956,zvaiw
422058064,duqei
405000598,rwdag
506370451,bhxxna
82315545,pqwyjl
350171884,qwbhri
608090350,ucave
449947263,ecbes
430671225,euwrl
296733585,juemaz
443857353,ooyby
373750600,epazr
267166879,augars
870400749,lbqxxl
846152168,yekpy
69760134,cilexw
230426788,usrec
555881123,zgntcs
188661843,nmwtx
495897771,lyktw
451695314,upufyi
959691116,auwiu
379564442,rgrlz
17068930,axwkt
945402405,gavfzh
747362459,dzundc
874274937,upzcn
431538077,nvrbuk
398474574,tbzex
33637453,grduv
285101520,skqvtp
990165321,dkocmj
65925552,cbzup
542074182,xudjm
674954080,txpmyw
324869610,ntpwfd
265451787,dqnlky
631505654,khjkjg
3914305,bytlwz
501382069,aiqwft
204337958,mtohi
959604869,uxrfj
631929317,pvhhj
315080002,lawwg
533978080,snnos
246609239,ksjps
311521218,biijs
679702720,eghtd
885408412,pqisg
158646877,cxasz
268771817,oenjzx
386258426,oaxhu
101576144,uvxwd
977724327,rlfga
833460147,vxnrmh
680263708,ggcmf
431947936,svgta
952569583,sddwd
111948790,hiitzb
475748246,krvap
634155033,bjkxg
275230147,qewdyb
315555353,zpjyl
82933255,pvpza
780709848,whhbff
887410366,bsrbk
55901043,xhjfhp
848620201,tyiwdc
170698921,btggq
588441670,hcrmky
738312380,spyin
543312821,sgkpsp
106176774,tziefw
407858044,uwoyxm
909977424,xhalgw
901613889,hphrm
268387176,ivzrt
236482487,wwcxm
678763784,gxamu
952280594,tuied
500205435,cngat
279510814,uletu
677419541,inclw
590216335,ffcomr
768273215,sxwtjs
247152331,mmqqj
458154488,quisrv
921525995,bejhl
780978762,ougdi
599532502,epavv
713804659,oneup
231852471,gtleo
84161730,vwajig
432728842,rkvpsi
808133153,yzoel
78450583,arwfp
4862245,ataav
504338292,vjvcyg
889056309,vnhisi
140267457,rccfi
11649018,oeibqd
921206300,ttxgx
31366004,hkoyks
406855239,hwefw
821769942,hupah
470495039,wbktg
390432341,hyqrng
374416888,wajea
382561485,ujafo
893618022,uvhbkk
505542293,jebxgv
500824407,ydeesx
717531183,rmwum
453768712,ehsauf
956918899,whzkjs
415327280,miegjp
532969754,uqftgh
431802800,viwwsf
711909519,xyyurd
620345050,fnlzs
625602345,hceomk
399118029,gredkr
30541294,ubjfa
147956493,ktphk
550265930,pqkfb
223258902,qbtqok
270606874,cycedp
263838298,zuavlq
776627886,wslwp
216623000,yxavw
781615463,zcmvxa
30020683,divsdm
869701593,imsjtz
594333533,niflfe
790514512,qsnbp
442266647,cryxb
607383769,qlbnri
987630779,ohhll
398138111,fgkaw
380381186,obmxm
330123667,kxcko
588062518,palobg
674600427,ajdlb
596559951,pcmax
467439416,rmylbq
70429715,lyafj
201796252,wfmsu
444857827,uvmgeo
183831511,vmalm
303460730,uobxs
99219338,lzcmh
333350520,nkmvex
478123277,lmngv
8858182,mlkzw
740915747,xagjx
578492375,ocvuwq
939248749,mpyrj
219819500,ibaml
954814081,mjcbu
919978888,gnrduw
833903623,tnrnic
535192511,wewovv
279214700,phjko
809539030,ahsgfv
99267325,enivly
493354290,aoqvi
505923094,cqymei
604638222,azbtmu
261676367,wigfbn
885405720,nxztt
107809720,viwkdp
784916993,cypuxq
496240603,xtdyy
940015221,bbcuum
589582499,incqz
731868317,fddjc
608801716,bfynex
132358012,aqvka
849302622,dwiwxw
314432174,xurli
939032901,mdkqcz
671464530,xegxd
883809210,acqgr
243591326,uqogn
605311925,cydwci
367311321,hvide
407460527,yssxd
771492582,zpqwow
410192822,wkpjdj
982978850,dgeww
734407225,wnffro
827529518,prnlr
501524800,gjnvlx
755265944,euipqx
609031481,tlicch
529965680,aqetjv
603946501,qshrwc
831076687,ojoeqm
620491899,crhaf
970589134,txywyu
552562472,vjdggl
736225709,xquznt
304542042,yrydp
4825653,nelxq
605936362,ifxnq
238436398,likod
629706192,hawnt
665656213,zmigrq
928985957,glpduk
50267158,fmdnud
544989965,nbwwos
672732647,dmoyr
85352718,tasvli
269878793,bnnep
602499677,jtope
595267136,khsouv
96297368,iedeb
922405235,avtgjx
224786886,bwgyrv
594395192,gklzvo
282026021,raddtw
499156893,pdpzfn
219423519,gkdtld
439625617,uyepq
510538026,wlzjbw
662595707,tqmeo
443206734,gfqba
970633048,gfrsw
396856253,yaulsz
893364733,exreji
594548375,wgxsq
481451813,coapzz
609204664,xqqpe
588831127,ikhqil
92306654,elewp
896264440,djgifo
47174176,fiqcod
420992562,zghqqn
945356225,epzemx
819918834,siwkv
274795164,xbviff
5449843,cedyle
20669888,uotjv
831574428,xvhtej
52982201,zioskl
409249446,snumrk
516401826,bfqfhu
905626775,xrtmv
845544231,pglpr
336129446,todnck
101674519,sbddu
523775084,oosrbk
496866930,zjvomq
966759043,isqbwm
735180266,wjqwh
285375152,buyfw
235828583,gtkqmw
599764300,wxnwtz
309807211,lgpecj
13346363,hmzhur
475864070,mtlvgj
24862462,ficzp
123158171,bqyswa
659147593,iivfc
300817714,pbtcrl
953394394,wzboo
986388310,tdebia
1197609,rpqjsc
436290158,vmkmwe
899244207,oikhl
110569756,wjiza
316484955,upflup
22618019,hgocxp
977708494,bhntlw
513798510,pvxpb
435911112,vrbpj
19276913,prbgoq
935934064,otxqc
182872898,zixxn
638314295,mckzxu
88301011,qtqyvo
96205427,nxiqie
471077930,shudss
559452582,knpbmo
576759977,yawuau
918397154,zajnhl
909422348,oshpp
360531548,csanrl
419291831,eigipd
964852013,ewwps
968530150,fcklhq
315927725,xkbns
17044663,zxoda
592904132,zinglm
111022838,qkgdtf
516023817,vajmf
343262399,nmolj
305753421,mbkmsa
526238644,teple
532970980,okqakc
623360675,idyqwy
161575532,ayisdo
687120897,bkmse
692477297,eixax
909636827,lsxvun
301515773,ofjlxv
86970598,ppvojd
922927540,txrfmm
618587024,azcff
897058233,ntriw
597442036,docfer
235824454,blovg
700554966,ijdhud
60568961,cmlami
420095949,trpyd
597282725,waaag
603435513,fwnfe
392410954,ybbfod
497591995,pmbvo
277579829,hljvnx
375953392,gwfnvk
633344422,ndjny
811517309,itluo
795294423,isdot
738506479,mxwgb
746334443,ivisan
885233187,hlaxxr
15552549,cebvp
427798786,yowuj
20790543,afafgu
928366919,pnfsy
321201233,pobww
943046606,lcrfgb
686846491,rjapjz
757707637,evsgc
889310000,exhcoq
482581558,cuzfrj
828690905,ymvxli
7039241,pvhsh
446044435,tycgoj
176410577,bmffd
560213749,tggxog
254277695,vfdnx
226441549,hzuvi
648106935,ejoqa
422209933,yyvdyp
220995451,erutwo
833930940,edeym
59400613,ccndpb
2759065,opyib
57612020,jcbosw
470914652,qmqaz
467638085,acaag
647960284,dimvd
782285150,xpxnxa
948262786,jfinnj
534605009,rkbjr
802945118,aqnqt
102590466,lwtsk
43907619,qlhsa
291532391,ioers
100577661,zanud
432460030,jhbhp
670533294,irzzd
489212596,epykq
499859815,ljqxhu
713744002,nvgxfh
362807888,btlkui
891957683,juvoqr
211945721,mhhxo
878461982,oysci
770327757,kqnzwb
681656109,vhducu
622617895,dnfve
480911381,wbgzyp
59488747,qqziyb
550783581,uomvfc
519308552,arwiz
8814404,uhynbt
844285218,poxhw
688126926,mtybwj
79401866,dovvoq
18657468,paespk
537568691,tmsie
255623265,yvnhle
877664852,dbhywb
708885696,ynwvqj
749485652,juwyra
882698285,sekao
857941226,pmmlmj
368582445,biewey
67468368,gzbun
13980145,pdbxx
701466024,xehoxr
840424067,vhgkw
703231691,ushqw
402166834,ztvwj
30184395,qwblt
689759124,ncwdzv
997192228,tytef
879688182,oakrx
537291434,zzqvs
293204935,rtpidv
399064435,lnemb
153974274,vyvtto
555718705,euchvj
587606100,cmtzjj
416400238,qmiae
153964114,wvrpq
556901879,bttixo
671686389,lihhf
926358623,btuya
270264107,xbzni
559691966,esird
569548209,dagbjt
308161799,xdlxh
927900889,lmlyij
924919262,qifatq
326759058,vyfikp
80629172,azsual
514648081,vmomq
371906642,irkni
317476479,lolcfu
49553554,ueaid
229297198,vmprll
775697318,strdiv
544838810,yqduz
139278682,uzbih
332568344,ldeyrw
25261981,unfrp
474283020,azxak
799831017,zbwblu
647411984,zqban
481006924,yptwt
603101523,xsybli
221998956,fosfts
670783865,zpssm
62326953,hpyjd
77535435,uedlxt
114423589,wpecms
544134639,ctftse
942120744,curpgl
718480256,yoecxo
261325152,hbrbb
766143305,tussmu
216772511,oafdez
407630959,vygwh
963565383,ybvojt
961833824,dixnm
967541219,pifjf
120507637,herqdl
753798735,bpnst
557194344,lfagh
89262475,gbwjcz
912207391,ejgdo
799081086,dbuhsn
908342326,itlmet
447745120,dpyoua
345838356,hdhuc
566333693,jubxlx
551718445,omfeir
775096661,yknarc
895288467,rxcyss
619134798,xvocb
340286252,wmgar
446165061,eqshr
965990574,geurvt
465763867,gkurh
672759551,wdhxwp
998542926,vyjeh
204597554,qxrin
788896182,iqyhu
19182079,otqhsx
303709180,psdonq
222517633,unyoyj
862023301,juohrc
738021161,lofsry
185798988,dznisv
419154241,vtnkr
659337274,cvici
832813014,lelgg
177687270,ieqzgr
637959216,rgnfmi
588500315,zfpyyr
874961111,kktxtf
925932850,iilzm
822468598,clnvm
329592283,rygwi
265702214,jdmoo
754761385,vbmmmk
722571385,bfvfjg
417176020,mmmbge
343368848,lvlzms
596445548,nftera
292233142,vowzi
898213182,vvfbb
480299493,cscqc
665049394,rihooy
831394929,ckwgpr
397952478,viscq
825041441,gcqysl
431074209,nichmx
276540448,vzkxp
196762718,ncolq
475180049,fzgusb
652753581,vmmbi
321216903,fxjgd
481542664,qkdofl
953772522,apelo
583870775,dmagap
784983865,mjlygb
255726542,pqmbnj
888754867,vmder
637019761,eacjws
210114323,lbojep
279984421,fosdew
160356767,tekgx
43567759,bjluvf
674944691,mgyide
289984373,ribpzm
69007714,bpkym
298576274,wphqz
757501945,pyxwaw
390750914,beuul
868061082,nqzipd
120510225,aknep
348415185,chibp
226994740,ryfyx
685519005,pburpm
64723864,gusws
116970771,ufjece
719785537,xutut
792041089,fanprb
326437042,qdkixf
988166268,pqsmcz
146317414,sqbfyx
652456266,rtnsh
881830087,ovfzr
785531336,bnayh
133178206,sicglf
3525179,mqzvlc
237416232,evjrg
135658151,dpicj
716354269,yelhq
558034934,gabrnw
480091695,aliuah
750617302,msklhu
890835197,cvuzdo
320256964,pczany
388608452,rksuww
277815676,zoopt
871016339,kilrv
944653697,usumvs
699124221,osbmjo
318304925,hxyzsl
445980711,tmiqz
887098333,zgclxq
480824670,vlbvu
961203671,yfufo
419852021,pmemj
521954365,qmjjf
740337378,cytru
950423916,swpiz
767292617,igzyi
775753094,huinvy
167609290,gqdof
667048645,kyosvf
867930913,ifxrm
578833064,tovay
294577294,snmky
291302114,hiczzc
15677983,zgecfn
82488139,yehuw
320817823,rqukpg
991198735,ohapfe
391783224,lcyhi
967790802,lzyiqz
923252055,hpkgtr
93208645,yjvzzm
991478267,kbexz
302922587,dkayx
873720027,hgtusl
680725468,sxats
254578103,klohj
52610486,urvnse
290304907,agjdpf
273165594,foacu
933961018,kbekev
96909569,zalnpi
194638997,ikpaqf
868522589,kaylk
837530803,vnufk
466610145,okegh
274184612,yugxgu
632574176,khmtj
365117881,hffmb
818174815,cltjak
794506166,jyrsjs
229857837,wwcvh
399822693,qftqh
287227660,bhxhne
479489055,sxzxfa
204394137,wspio
390087347,junotp
9097786,uuakn
771082131,wkcnw
596277860,dnhiv
372193513,estln
551123550,flotb
123657643,qnhpad
590593150,xyeblu
877745043,mjmll
351600749,mjuse
215429566,bozmjv
159888365,cjayfo
966586181,ndyys
26029993,duyblj
951829984,qldofp
211926475,cxakat
652057138,mkntp
562470703,qwsdm
300582409,eclcz
633732126,putpiv
312540132,odrwf
838812391,cxxrj
804247963,ilxdn
819897392,owzgd
857434934,podfyp
864120630,cnakb
905718970,cimapu
256496923,knekbh
439117545,znvihq
458418810,cufpce
409062642,mbaup
174809651,ovnkm
880454837,rlxftp
896797807,jdyzz
436165336,awfsm
175336298,vrbnbc
83531184,cvkqp
949309624,yjinzq
172275023,sadecw
556526044,fnmhjm
227064644,zyhfx
786410151,lmhrz
303913018,qogjly
321909354,mooejy
155907700,gqrzrg
774992901,lykzke
161670952,qfifc
520704301,hcrdys
77218210,ggojm
702571202,ibnfm
995349577,ajyww
965096634,wwvmdj
281057206,yfflog
823344077,horywu
499294522,dkvfeq
648240021,lojre
674544186,cnkaaj
502513046,cyisz
923412223,rhsyg
260234290,rpuuty
691295141,mqablc
352738334,tsasj
539758862,umirr
918470056,rzori
389348277,adqads
40252599,dckzi
25222024,krrscg
2877685,yevteo
992787806,fmbyo
673195651,luxurw
952456936,fisylh
132707422,thksj
842354609,nfxnk
670334082,dtopfb
970406798,pvtisd
179273222,qzzvuw
664292093,ljeso
12447332,cprus
621498698,orlxjj
920506429,phtqfj
857344471,pzexh
313656202,jyibc
509223129,qbqsq
474897660,voevxb
78130708,vbvns
209579715,ukxkdf
961578236,kklnt
344638191,rosfi
789463551,nkekkm
344669769,ckgce
172563279,wlggli
907775138,ttcqhu
898644002,ceovd
744065813,idhku
79887666,zlnlj
964598209,fzqafm
921878450,rryhni
837735960,rywfb
334210968,ufgdam
169498593,vytru
109841974,bssuy
820343237,tdypf
760971681,byfgyg
527078369,uijokm
887488331,nfxcbp
588965550,znwqot
640353158,psdgiw
346098259,ldteke
469450830,ntjidy
471106479,awafuj
300034505,qystx
203896081,ruxbqv
248044321,nmcbb
627660392,ysczyx
437871893,cthwn
92590935,fowxr
863618068,nmqxn
62127979,snojmp
696312698,pvjdnn
547776983,uimnyv
20488514,wdprjx
340599518,bqhmjk
13188251,kvijo
867621697,aatuyv
434846027,oodxuf
47396732,uinmt
514319347,sqthvv
135454878,vpdfpg
970578031,rccaeo
136324107,tstgok
201364296,hoywbg
157798965,exash
189459436,zmtms
386011666,vvvrih
889891964,qodtj
659136371,cotmsd
373572141,tpquf
650887217,ktlpji
947327040,pafspy
583615670,kzqlj
490825173,oorsxl
13713893,bjirhm
192469943,xreimf
951583450,jophi
564872545,axfrb
908917843,kkrlyo
424236692,xsdttg
925681648,lsmxa
874105362,leimiv
200058745,mawccq
971751226,shoss
890259814,xfjea
697002629,oqfxue
133530859,slopx
851460387,mydyy
726992924,sahqxj
57096248,iusipj
417189552,xsronz
183391406,gqnabq
634762499,sopdbx
208588878,rpywf
991888735,mlfgy
537471967,tsfxlu
240132405,hjhyq
609712925,izpcw
504639104,crmkj
269315965,uwmnct
558097719,yckdjw
108092885,ekheqa
468183391,ejmud
